{"average_tempo": 207.0411782032401, "rubato": {"max_tempo_changes": 32, "average_tempo_changes": 3.509043927648579, "measures_with_changes": 355}, "pitches_normalized": {"pitch_histogram": [0, 0, 0, 0, 0, 0, 0, 0, 0, 0, 0, 0, 0, 0, 0, 0, 0, 0, 0, 0, 0, 0, 0, 0, 0, 0, 0, 2, 0, 0, 0, 0, 0, 0, 13, 0, 0, 12, 0, 40, 0, 0, 15, 0, 78, 4, 106, 4, 0, 64, 36, 235, 10, 106, 35, 84, 268, 8, 236, 72, 152, 160, 66, 215, 12, 178, 72, 134, 273, 15, 199, 72, 104, 91, 50, 221, 44, 231, 81, 138, 141, 10, 128, 12, 26, 24, 4, 38, 2, 26, 4, 16, 12, 11, 12, 2, 2, 0, 0, 9, 0, 0, 0, 0, 0, 0, 0, 0, 0, 0, 0, 0, 0, 0, 0, 0, 0, 0, 0, 0, 0, 0, 0, 0, 0, 0, 0, 0], "average_pitch": 65.46953567383919}, "instruments": [1, 0, 0, 0, 0, 0, 0, 0, 0, 0, 0, 0, 0, 0, 0, 0, 0, 0, 0, 0, 0, 0, 0, 0, 0, 0, 0, 0, 0, 0, 0, 0, 0, 0, 0, 0, 0, 0, 0, 0, 0, 0, 0, 0, 0, 0, 0, 0, 0, 0, 0, 0, 0, 0, 0, 0, 0, 0, 0, 0, 0, 0, 0, 0, 0, 0, 0, 0, 0, 0, 0, 0, 0, 0, 0, 0, 0, 0, 0, 0, 0, 0, 0, 0, 0, 0, 0, 0, 0, 0, 0, 0, 0, 0, 0, 0, 0, 0, 0, 0, 0, 0, 0, 0, 0, 0, 0, 0, 0, 0, 0, 0, 0, 0, 0, 0, 0, 0, 0, 0, 0, 0, 0, 0, 0, 0, 0, 0], "key_signature": [-3, true], "note_durations": {"average_note_duration": 0.554253747097319, "note_duration_histogram": [0, 0, 0, 0, 0, 64, 201, 768, 545, 0, 0, 1, 0]}, "velocities": {"velocity_histogram": [0, 0, 0, 0, 0, 0, 0, 0, 0, 0, 0, 0, 0, 0, 0, 0, 0, 1, 1, 0, 3, 0, 0, 2, 0, 3, 3, 11, 4, 4, 7, 5, 7, 20, 9, 13, 14, 25, 28, 33, 30, 14, 22, 31, 59, 44, 53, 29, 48, 39, 113, 50, 64, 60, 40, 78, 49, 41, 44, 28, 37, 23, 17, 35, 42, 36, 23, 31, 24, 29, 14, 16, 13, 18, 12, 14, 10, 10, 7, 1, 9, 2, 1, 3, 2, 2, 3, 4, 0, 1, 1, 1, 1, 0, 1, 0, 3, 2, 0, 0, 1, 0, 0, 0, 0, 0, 0, 0, 0, 0, 0, 0, 0, 1, 0, 0, 0, 0, 0, 0, 0, 0, 0, 0, 0, 0, 0, 0], "average_velocity": 53.56554781507283}}